Title,Genre,URL
15 Minutes of Comedy About Teachers | Netflix,Comedy,https://www.youtube.com/watch?v=e6eRO24ZGhw
"Камеди Клаб «ЗОЖ апокалипсис» Шальнов, Кокушкина, Бебех, Соломко, Батрутдинов",Comedy,https://www.youtube.com/watch?v=ylfp99g08Ps
Must Watch Very Special New Comedy Video 😎 Amazing Funny Video 2023 Episode 123 By Fun Tv 24,Comedy,https://www.youtube.com/watch?v=IPgRkYOSasY
Matt Rife | Only Fans (Full Comedy Special),Comedy,https://www.youtube.com/watch?v=2m2520TuUdk
Ms. Pat - Surviving a Shoot-Out - This Is Not Happening,Comedy,https://www.youtube.com/watch?v=CEzNcCcft1o
"Yunhi - Ep 12 [𝐂𝐂] - 30th April 2023 - Presented By Lux, Master Paints, Secret Beauty Cream - HUM TV",Drama,https://www.youtube.com/watch?v=68_MVFXKmnw
Roy Woods - Drama feat. Drake (Audio) @RoyWoods,Drama,https://www.youtube.com/watch?v=XP0fdtXn49s
Huge Minecraft Drama,Drama,https://www.youtube.com/watch?v=lS8gTuat91c
"roy woods - drama feat. drake (lyrics) “Heartbreak anniversary take your last relationship look how""",Drama,https://www.youtube.com/watch?v=xz5v6_r_l_8
Nikah Last Episode - [Eng Sub] - Haroon Shahid - Zainab Shabbir - 30th April 2023 - HAR PAL GEO,Drama,https://www.youtube.com/watch?v=wrU0HOloypo
Action,Action,https://www.youtube.com/watch?v=ZLRU3NbvLho
LIFE OF LUXURY REACTION COMPILATION (ACTION REACTION),Action,https://www.youtube.com/watch?v=cqEYjWttQoY
TERROR FABULOUS - Action,Action,https://www.youtube.com/watch?v=_DIU2PvHs5U
120 Scary TikTok Videos That Will Haunt Your Eyes... [4],Action,https://www.youtube.com/watch?v=s4CLOhsgu1A
ACTION -Buju,Action,https://www.youtube.com/watch?v=Mfmtra55s-U
Top 5 Scary Videos You Should Never Watch Alone,Horror,https://www.youtube.com/watch?v=dAJlo93E0zo
30 Videos Recorded By Accident,Horror,https://www.youtube.com/watch?v=X9Zg54L9HpM
Magic 8 Ball | Short Horror Film,Horror,https://www.youtube.com/watch?v=3OWCVKQ6aGQ
3 TRUE SCARY WALMART HORROR STORIES ANIMATED,Horror,https://www.youtube.com/watch?v=ypDVI5i-15s
3 True Summer Vacation Horror Stories Animated,Horror,https://www.youtube.com/watch?v=npTDeuCRzOk
Tiktok songs 2023 🧁 Trending tiktok songs ~ Tiktok viral songs 2023,Music,https://www.youtube.com/watch?v=c6G2FByax_4
Ibiza Summer Mix 2023 🍓 Best Of Tropical Deep House Music Chill Out Mix 2023🍓 Chillout Lounge #123,Music,https://www.youtube.com/watch?v=XK-tGhSCcUM
SUNDAY MORNING JAZZ: Relax and Recharge with Soothing Jazz & Bossa Nova Music,Music,https://www.youtube.com/watch?v=CZQxKwlRJLc
Sunday Morning Jazz: Sweet April Jazz & Bossa Nova Weekend to relax and unwind,Music,https://www.youtube.com/watch?v=EBLyRoqGHpI
Best tiktok songs 🧁 Tiktok viral songs 2023 ~ Trending tiktok songs,Music,https://www.youtube.com/watch?v=AdPuIr1K7H8
Rating Bead Art,Art,https://www.youtube.com/watch?v=KGQ2B726ZQs
"Best Art With One Line Wins $5,000!",Art,https://www.youtube.com/watch?v=2P_NeEWqeoA
Finishing My Art Ideas #2,Art,https://www.youtube.com/watch?v=XAA3CXX1OOU
Ultimate ART ROOM makeover 2023,Art,https://www.youtube.com/watch?v=vDWyXs01rfU
The Internet's Most Disgusting Art Community,Art,https://www.youtube.com/watch?v=oIp67x8CAdI
